Label,N,Pearson r,Spearman rho
Haptic,649,0.6020339672053425,0.5886412701116457
Mouth,1166,0.57776943049865,0.5617619198752029
Hand/arm,1434,0.5670468089292675,0.5693425073417003
Head,7740,0.5525794594709706,0.5516803049145331
Visual,22774,0.5338547384661084,0.5242295845895444
Foot/leg,428,0.5099034491382157,0.49636535287081235
Torso,223,0.4958230744032598,0.5033346330024513
Interoceptive,1766,0.49316681071092383,0.47287526742555624
Auditory,2690,0.46133869860151916,0.4709204569843141
Olfactory,176,0.382356869479602,0.43601866349195467
Gustatory,661,0.35414663957152903,0.329814244734941
