WORD,human,qwen_expected,qwen_error_signed,qwen_error_abs,qwen_entropy
A,0.0,0.0,0.0,0.0,-0.0
IN LABOR,3.0,3.0,0.0,0.0,0.6493608652873644
UNBITTEN,1.0,1.0,0.0,0.0,1.582683189255492
DUNK,1.4,1.4,0.0,0.0,1.5391610397741824
CANDLEHOLDER,0.4,0.4,0.0,0.0,1.1533989427787468
MODELESS,0.1,0.1,0.0,0.0,0.4214323560738582
OIL PAN,0.0,0.0,0.0,0.0,0.014354573998163938
NICOTINE PATCH,2.0,2.0,0.0,0.0,0.6493608652873644
CONED,0.2,0.2,0.0,0.0,0.7221707506876511
CAYENNE,1.75,1.75,0.0,0.0,1.2703997356788235
MELODRAMA,2.0,2.0,0.0,0.0,0.48217919020227284
SOY SAUCE,1.5,1.5,0.0,0.0,1.2953656222184466
GASKET,0.0,0.0,0.0,0.0,0.014354573998163938
PRAYER BOOK,1.0,1.0,0.0,0.0,1.4014538950336537
WIDGET,0.05,0.05,0.0,0.0,0.2747433140607801
ORGANIZATION,0.8,0.8,0.0,0.0,1.5385733493641252
STEAM,0.45,0.45,0.0,0.0,1.2249744793576467
ENABLE,1.5,1.5,0.0,0.0,1.2953656222184466
SALTINESS,1.0,1.0,0.0,0.0,1.4014538950336537
PAPER PLATE,0.2,0.2,0.0,0.0,0.7706635459878962
