Label,N,Mean Human (Interoceptive),Mean Qwen,Mean signed error,Mean abs error,"Pearson r (Qwen, Human)"
Interoceptive,1766,3.2618663175147224,2.5899773499433754,-0.6718889675713475,0.8337807640594563,0.49316681071092383
Torso,223,1.8834873537802692,1.978834080717489,0.09534672693721974,0.6825063811255605,0.4958230744032598
Head,7740,1.3740295930496125,1.6533772609819122,0.2793476679322997,0.6459800336718347,0.5525794594709706
Mouth,1166,1.302534353890223,1.7735334476843911,0.4709990937941681,0.7441618245420241,0.57776943049865
Haptic,649,1.2493403786117103,1.5448073959938367,0.2954670173821264,0.6819104571263482,0.6020339672053425
Foot/leg,428,1.2064956760957946,1.7112383177570092,0.504742641661215,0.7382343532313084,0.5099034491382157
Auditory,2690,0.9302802449208177,1.5445762081784387,0.6142959632576208,0.7633082403304833,0.46133869860151916
Hand/arm,1434,0.8758861362642957,1.4758437935843791,0.5999576573200837,0.7764504134107392,0.5670468089292675
Gustatory,661,0.8292128063691377,1.6028441754916793,0.7736313691225416,0.8784733057609684,0.35414663957152903
Olfactory,176,0.8093511435340909,1.3925568181818184,0.5832056746477273,0.8059995775340909,0.382356869479602
Visual,22774,0.7410253710099236,1.3023478528146133,0.5613224818046896,0.7191854893309036,0.5338547384661084
