Dimension,Type,Qwen Pearson,Qwen Spearman,Human-Interoceptive Pearson,Human-Interoceptive Spearman,N
Interoceptive,Perceptual,0.5980762417696737,0.5891381753534987,0.9999999999999998,1.0,39707
Torso,Action,0.310885948496893,0.31950688201568483,0.34297295613761897,0.29379833994813376,39707
Mouth,Action,0.3048130814427363,0.35640929301954494,0.2760993494249083,0.3616818634695299,39707
Auditory,Perceptual,0.22658506048288243,0.2609544995314789,0.132669374439003,0.23466267599817836,39707
Head,Action,0.19607928567349833,0.20348648639811087,0.2508495584529136,0.23045363606830516,39707
Foot/leg,Action,0.19037044372343231,0.21102516768484617,0.14183646565126315,0.1574101416353054,39707
Gustatory,Perceptual,0.06218225951692388,0.08601679031738911,0.08658296668612511,0.25395858841282326,39707
Olfactory,Perceptual,0.03256667661467067,0.03523061908973794,0.03365997480553596,0.1112238346019725,39707
Hand/arm,Action,-0.017316919609322443,-0.01801081983762657,-0.117628088716828,-0.15903570088013835,39707
Haptic,Perceptual,-0.12918803402582207,-0.12149400722078618,-0.08544469109343163,-0.10600456014855857,39707
Visual,Perceptual,-0.1787719509386491,-0.19197833452366395,-0.33348123104176974,-0.3687442578586931,39707
